<?xml version="1.0" ?>
<project name="MIME pull">
  <bannerLeft>
    <name>JAX-WS</name>
    <src>https://jaxb.dev.java.net/javaxml-duke.gif</src>
    <href>https://jax-ws.dev.java.net/</href>
  </bannerLeft>

  <skin>
    <groupId>com.sun.enterprise.glassfish</groupId>
    <artifactId>maven-skin</artifactId>
    <version>1.0</version>
  </skin>

  <!--bannerRight>
    <src>https://jax-ws.dev.java.net/images/glassfish_logo.gif</src>
  </bannerRight-->
  <body>
    <links>
      <item name="JAX-WS" href="http://jax-ws.dev.java.net/" />
      <item name="Glassfish" href="http://glassfishi.dev.java.net/"/>
    </links>

    <menu name="mimepull">
      <item name="Introduction" href="index.html"/>
      <item name="Download" href="https://maven2-repository.dev.java.net/source/browse/maven2-repository/trunk/www/repository/org/jvnet/mimepull/"/>
    </menu>

    ${reports}

  </body>
</project>
